医师报,DAYI2006,www.rengzan.com//weixin-show-id-30042.html,时事·城市,0,0,,新闻
井冈山报,jgsbs2014,www.rengzan.com//weixin-show-id-30043.html,时事·城市,0,0,,新闻
阳光报,yangguangbao2004,www.rengzan.com//weixin-show-id-30044.html,时事·城市,0,0,,新闻
仙游今报,xyjb2013,www.rengzan.com//weixin-show-id-30045.html,时事·城市,0,0,,新闻
好报,haobaonet,www.rengzan.com//weixin-show-id-30046.html,时事·城市,0,0,,新闻
松江报,sjb67812060,www.rengzan.com//weixin-show-id-30047.html,时事·城市,0,0,,新闻
甘肃农民报,gansunongminbao,www.rengzan.com//weixin-show-id-30048.html,时事·城市,0,0,,新闻
凉山日报微报,xclsrb,www.rengzan.com//weixin-show-id-30049.html,时事·城市,0,0,,新闻
金山报,jinshanbao1995,www.rengzan.com//weixin-show-id-30050.html,时事·城市,0,0,,新闻
国家电网报,stategridnews,www.rengzan.com//weixin-show-id-30051.html,时事·城市,0,0,,新闻
中国电影报,ChinaFilmNews,www.rengzan.com//weixin-show-id-30052.html,时事·城市,0,0,,新闻
都市资讯报,hrbdszxb,www.rengzan.com//weixin-show-id-30053.html,时事·城市,0,0,,新闻
晚报微报,xawbwb,www.rengzan.com//weixin-show-id-30054.html,时事·城市,0,0,,新闻
新闻天天报,xwttb2005,www.rengzan.com//weixin-show-id-30055.html,时事·城市,0,0,,新闻
信阳晚报,xinyangwanbao,www.rengzan.com//weixin-show-id-30056.html,时事·城市,0,0,,新闻
京江晚报,ZJ-JJWB,www.rengzan.com//weixin-show-id-30057.html,时事·城市,0,0,,新闻
自贡晚报,zgwanbao,www.rengzan.com//weixin-show-id-30058.html,时事·城市,0,0,,新闻
葫芦岛晚报,hldwb1234,www.rengzan.com//weixin-show-id-30059.html,时事·城市,0,0,,新闻
晚报汇生活,wbhsh168,www.rengzan.com//weixin-show-id-30060.html,时事·城市,0,0,,新闻
襄阳晚报,xywb3611111,www.rengzan.com//weixin-show-id-30061.html,时事·城市,0,0,,新闻
威海晚报,whwb777,www.rengzan.com//weixin-show-id-30062.html,时事·城市,0,0,,新闻
攀枝花晚报,pzhwbwx,www.rengzan.com//weixin-show-id-30063.html,时事·城市,0,0,,新闻
濮阳晚报,pywanbao,www.rengzan.com//weixin-show-id-30064.html,时事·城市,0,0,,新闻
银川晚报,nxycwb,www.rengzan.com//weixin-show-id-30065.html,时事·城市,0,0,,新闻
吕梁日报晚报版,llrbwb,www.rengzan.com//weixin-show-id-30066.html,时事·城市,0,0,,新闻
济宁晚报,jnwbjn001,www.rengzan.com//weixin-show-id-30068.html,时事·城市,0,0,,新闻
白银晚报,baiyinwanbao,www.rengzan.com//weixin-show-id-30069.html,时事·城市,0,0,,新闻
晚报大集,gh_c468cfdb9c91,www.rengzan.com//weixin-show-id-30070.html,时事·城市,0,0,,新闻
晨报长治,cbczwx,www.rengzan.com//weixin-show-id-30702.html,时事·城市,0,0,,新闻
晨报汽车俱乐部,w3583003,www.rengzan.com//weixin-show-id-30703.html,时事·城市,0,0,,新闻
倾国信息,qingguoxinxi,www.rengzan.com//weixin-show-id-4377.html,媒体·达人,0,0,,名人
妖妖小精-色系军团,yaoyaoxiaojing2333,www.rengzan.com//weixin-show-id-4378.html,媒体·达人,0,0,,名人
遇见,yujiandaoni,www.rengzan.com//weixin-show-id-4379.html,媒体·达人,0,0,,名人
所长,suozhangbiekaiqiang,www.rengzan.com//weixin-show-id-4381.html,媒体·达人,0,0,,名人
GTD效能管理,goldtimedoor,www.rengzan.com//weixin-show-id-4382.html,媒体·达人,0,0,,名人
李云迪,yundi1007,www.rengzan.com//weixin-show-id-4384.html,媒体·达人,0,0,,名人
陆丹尼,Dannybaby-lu,www.rengzan.com//weixin-show-id-4385.html,媒体·达人,0,0,,名人
桐华,tonghua_tong,www.rengzan.com//weixin-show-id-4386.html,媒体·达人,0,0,,名人
余律师,kelvin83510,www.rengzan.com//weixin-show-id-4387.html,媒体·达人,0,0,,名人
大山侃大山,dashan_kan_dashan,www.rengzan.com//weixin-show-id-4389.html,媒体·达人,0,0,,名人
窦世豪,dsh1992,www.rengzan.com//weixin-show-id-4390.html,媒体·达人,0,0,,名人
于嘉,yugaisme,www.rengzan.com//weixin-show-id-4393.html,媒体·达人,0,0,,名人
黄健翔最体育,jianxiang_huang,www.rengzan.com//weixin-show-id-4394.html,媒体·达人,0,0,,名人
皇马体育,RealMadridSports,www.rengzan.com//weixin-show-id-4395.html,媒体·达人,0,0,,名人
王迩夫,wangerfu12138,www.rengzan.com//weixin-show-id-4396.html,媒体·达人,0,0,,名人
苍南论坛,cnlt0577,www.rengzan.com//weixin-show-id-26737.html,社交·交友,0,0,,社交
网络营销论坛,mywlyxcn,www.rengzan.com//weixin-show-id-26738.html,社交·交友,0,0,,社交
股票论坛,gh_a063c9bebbfe,www.rengzan.com//weixin-show-id-26736.html,社交·交友,0,0,,社交
宁化论坛,nhlt0598,www.rengzan.com//weixin-show-id-26735.html,社交·交友,0,0,,社交
黄帝文化国际论坛,hdwhgjlt,www.rengzan.com//weixin-show-id-26734.html,社交·交友,0,0,,社交
洗衣柜论坛,xyglt82575399,www.rengzan.com//weixin-show-id-26733.html,社交·交友,0,0,,社交
临汾市汾西论坛,fenxi666,www.rengzan.com//weixin-show-id-26730.html,社交·交友,0,0,,社交
武汉论坛,wuhan-luntan,www.rengzan.com//weixin-show-id-26731.html,社交·交友,0,0,,社交
中部热处理论坛,gh_b81f84cdd5c3,www.rengzan.com//weixin-show-id-26728.html,社交·交友,0,0,,社交
皮科时讯论坛,gh_0660532c07e1,www.rengzan.com//weixin-show-id-26727.html,社交·交友,0,0,,社交
无为论坛,inwuwei,www.rengzan.com//weixin-show-id-26721.html,社交·交友,0,0,,社交
通用别克车主论坛,GM___BUICK,www.rengzan.com//weixin-show-id-26722.html,社交·交友,0,0,,社交
义乌微论坛,yiwuwlt,www.rengzan.com//weixin-show-id-26723.html,社交·交友,0,0,,社交
主题公园创客论坛,aotuly,www.rengzan.com//weixin-show-id-26724.html,社交·交友,0,0,,社交
龙腾辟谷论坛,longtengbiguluntan,www.rengzan.com//weixin-show-id-26726.html,社交·交友,0,0,,社交
白中微论坛,bzMicroForum,www.rengzan.com//weixin-show-id-26755.html,社交·交友,0,0,,社交
掌上论坛,chenhui760909,www.rengzan.com//weixin-show-id-26753.html,社交·交友,0,0,,社交
瓦洛兰论坛,lol_luntan,www.rengzan.com//weixin-show-id-26751.html,社交·交友,0,0,,社交
卓越论坛,rzptzylt,www.rengzan.com//weixin-show-id-26752.html,社交·交友,0,0,,社交
长兴论坛,cxluntan,www.rengzan.com//weixin-show-id-26747.html,社交·交友,0,0,,社交
罗源湾论坛,luoyuanbbs,www.rengzan.com//weixin-show-id-26745.html,社交·交友,0,0,,社交
老枪刺青纹身论坛,q234526752,www.rengzan.com//weixin-show-id-26743.html,社交·交友,0,0,,社交
林业产业论坛,linyedawosi,www.rengzan.com//weixin-show-id-26742.html,社交·交友,0,0,,社交
瑞宝软装风尚论坛,rbrzfs,www.rengzan.com//weixin-show-id-26749.html,社交·交友,0,0,,社交
产业园论坛,gh_6ec63c55c485,www.rengzan.com//weixin-show-id-26757.html,社交·交友,0,0,,社交
轻工作,qinggngzuo,www.rengzan.com//weixin-show-id-537.html,,0,0,,互联网	
金融咨询网,cfc365,www.rengzan.com//weixin-show-id-541.html,,0,0,,互联网	
95081家庭服务中心,bj95081,www.rengzan.com//weixin-show-id-543.html,,0,0,,互联网	
新媒体营销,weixin-800800800,www.rengzan.com//weixin-show-id-548.html,,0,0,,互联网	
千呼万唤权威微信公众导航平台,wx4008900088,www.rengzan.com//weixin-show-id-550.html,,0,0,,互联网	
燕赵人才网,yanzhaorc,www.rengzan.com//weixin-show-id-552.html,,0,0,,互联网	
苗商,m312345,www.rengzan.com//weixin-show-id-556.html,,0,0,,互联网	
SEO那点事儿,seozao,www.rengzan.com//weixin-show-id-558.html,,0,0,,互联网	
搜索引擎探秘,guoang_search,www.rengzan.com//weixin-show-id-564.html,,0,0,,互联网	
杭州东方魅力官方招聘,HZdongfangmeili,www.rengzan.com//weixin-show-id-567.html,,0,0,,互联网	
民间偏方秘方大全,pianfang111,www.rengzan.com//weixin-show-id-573.html,,0,0,,互联网	
广告买卖网,cn-admaimai,www.rengzan.com//weixin-show-id-11120.html,,0,0,,互联网	
广告买卖网河北站,admaimai_hb,www.rengzan.com//weixin-show-id-11121.html,,0,0,,互联网	
手机QQ浏览器,QQ_Browser,www.rengzan.com//weixin-show-id-11389.html,,0,0,,互联网	
猎豹浏览器,liebaocn,www.rengzan.com//weixin-show-id-11390.html,,0,0,,互联网	
天玩浏览器,twanshouyou,www.rengzan.com//weixin-show-id-11391.html,,0,0,,互联网	
360安全浏览器,se-360-cn,www.rengzan.com//weixin-show-id-11392.html,,0,0,,互联网	
欧朋浏览器,oupengbrowser,www.rengzan.com//weixin-show-id-11393.html,,0,0,,互联网	
海豚浏览器,Dolphin_Browser,www.rengzan.com//weixin-show-id-11394.html,,0,0,,互联网	
程序员咖啡馆,CODECAFFE,www.rengzan.com//weixin-show-id-14754.html,,0,0,,互联网	
程序员杂志,gh_76f4483bc65b,www.rengzan.com//weixin-show-id-14755.html,,0,0,,互联网	
程序员的那些事,iProgrammer,www.rengzan.com//weixin-show-id-14758.html,,0,0,,互联网	
黑马程序员,heimaedu,www.rengzan.com//weixin-show-id-14759.html,,0,0,,互联网	
程序员日志,IT_log,www.rengzan.com//weixin-show-id-14760.html,,0,0,,互联网	
android程序员,android_developer123,www.rengzan.com//weixin-show-id-14761.html,,0,0,,互联网	
兰州全搜索,lzqsscom,www.rengzan.com//weixin-show-id-14763.html,,0,0,,互联网	
全城搜索克拉玛依,KLMYSS,www.rengzan.com//weixin-show-id-14764.html,,0,0,,互联网	
搜索常州,sscz114,www.rengzan.com//weixin-show-id-14767.html,,0,0,,互联网	
百度网页搜索,baiduwangyesous123,www.rengzan.com//weixin-show-id-14769.html,,0,0,,互联网	
中国搜索,chinaso_com,www.rengzan.com//weixin-show-id-14770.html,,0,0,,互联网	
卡易互享搜索,huxiangss,www.rengzan.com//weixin-show-id-14772.html,,0,0,,互联网	
物流搜索,wxsoo56,www.rengzan.com//weixin-show-id-14773.html,,0,0,,互联网	
在线搜索,SearchTo,www.rengzan.com//weixin-show-id-14775.html,,0,0,,互联网	
云投搜索,CIS-cisoso,www.rengzan.com//weixin-show-id-14777.html,,0,0,,互联网	
搜索苏州,sousuosuzhou,www.rengzan.com//weixin-show-id-14778.html,,0,0,,互联网	
激励360,jili360_com,www.rengzan.com//weixin-show-id-14783.html,,0,0,,互联网	
锤子应用商店,SmartisanAppStore,www.rengzan.com//weixin-show-id-30832.html,,0,0,,互联网	
乐视应用商店,LetvStore,www.rengzan.com//weixin-show-id-30833.html,,0,0,,互联网	
多多应用商店,duoduo-store,www.rengzan.com//weixin-show-id-30834.html,,0,0,,互联网	
企业应用商店,enappstore,www.rengzan.com//weixin-show-id-30835.html,,0,0,,互联网	
问问应用商店,wearapps,www.rengzan.com//weixin-show-id-30836.html,,0,0,,互联网	
比戈官网,shop13800,www.rengzan.com//weixin-show-id-31092.html,,0,0,,互联网	
农金微官网,czyhwgw,www.rengzan.com//weixin-show-id-31093.html,,0,0,,互联网	
荣昌在线官网,z2731019579,www.rengzan.com//weixin-show-id-31094.html,,0,0,,互联网	
武夷山大红袍官网,wuyihaocha,www.rengzan.com//weixin-show-id-31095.html,,0,0,,互联网	
常熟人才就业微官网,csrcjyw,www.rengzan.com//weixin-show-id-31096.html,,0,0,,互联网	
STC国际官网,cac360,www.rengzan.com//weixin-show-id-31097.html,,0,0,,互联网	
长兴岛石化市场官网,cxd15998491908,www.rengzan.com//weixin-show-id-31098.html,,0,0,,互联网	
至诚财经官网,zhicheng_com,www.rengzan.com//weixin-show-id-31099.html,,0,0,,互联网	
贵肤官网,ygfhjf,www.rengzan.com//weixin-show-id-31100.html,,0,0,,互联网	
莘县温州商贸城官网,lcsxwzsmc,www.rengzan.com//weixin-show-id-31101.html,,0,0,,互联网	
BoBo娱乐官网,bobostar163,www.rengzan.com//weixin-show-id-31102.html,,0,0,,互联网	
易经风水官网,jnyjfs,www.rengzan.com//weixin-show-id-31103.html,,0,0,,互联网	
哈弗SUV官网,www-haval-com,www.rengzan.com//weixin-show-id-31104.html,,0,0,,互联网	
棒女郎官网交流中心,wws1316,www.rengzan.com//weixin-show-id-31105.html,,0,0,,互联网	
华夏园林官网,huaxia-168,www.rengzan.com//weixin-show-id-31106.html,,0,0,,互联网	
365KTV官网,KTV-365-KTV,www.rengzan.com//weixin-show-id-31107.html,,0,0,,互联网	
世纪金服官网,shijidai,www.rengzan.com//weixin-show-id-31108.html,,0,0,,互联网	
采菲尔官网,gaotiya1,www.rengzan.com//weixin-show-id-31109.html,,0,0,,互联网	
亳州在线官网,bz4000558222,www.rengzan.com//weixin-show-id-31110.html,,0,0,,互联网	
EGC官网,lxmw916,www.rengzan.com//weixin-show-id-31112.html,,0,0,,互联网	
荷柏园官网代理,mumi38,www.rengzan.com//weixin-show-id-31113.html,,0,0,,互联网	
PaulHomme官网,dazuihouhk,www.rengzan.com//weixin-show-id-31114.html,,0,0,,互联网	
禅武医官网,sschanwuyi,www.rengzan.com//weixin-show-id-31115.html,,0,0,,互联网	
极客学院官网,jikexueyuan00,www.rengzan.com//weixin-show-id-31116.html,,0,0,,互联网	
菜鸟窝官网,cniao5,www.rengzan.com//weixin-show-id-31117.html,,0,0,,互联网	
福建南大门官网,fjndmysw,www.rengzan.com//weixin-show-id-31118.html,,0,0,,互联网	
国珍官网,zjgj718,www.rengzan.com//weixin-show-id-31119.html,,0,0,,互联网	
妇宝宁官网,shop18820,www.rengzan.com//weixin-show-id-31120.html,,0,0,,互联网	
未来应用官网,wlyyapp,www.rengzan.com//weixin-show-id-31121.html,,0,0,,互联网	
中华净水器官网,wwwjsq001com,www.rengzan.com//weixin-show-id-31122.html,,0,0,,互联网	
猛犬俱乐部官网,wwwbandogcn,www.rengzan.com//weixin-show-id-31123.html,,0,0,,互联网	
蚁铺官网,fff787,www.rengzan.com//weixin-show-id-31124.html,,0,0,,互联网	
大德通科技官网,dadetongkeji,www.rengzan.com//weixin-show-id-31125.html,,0,0,,互联网	
酒官网,zhongguojiuguanwang,www.rengzan.com//weixin-show-id-31126.html,,0,0,,互联网	
苏珊妈咪官网,ssdm88,www.rengzan.com//weixin-show-id-31127.html,,0,0,,互联网	
互助金服微官网,huzhudai_news,www.rengzan.com//weixin-show-id-31128.html,,0,0,,互联网	
磊蒙微官网,gdleimeng,www.rengzan.com//weixin-show-id-31129.html,,0,0,,互联网	
吃货帮官网,chihuobangguanwang,www.rengzan.com//weixin-show-id-31130.html,,0,0,,互联网	
CKU官网,FCI-CKU,www.rengzan.com//weixin-show-id-31131.html,,0,0,,互联网	
石材在线官网,SCZXGW,www.rengzan.com//weixin-show-id-31132.html,,0,0,,互联网	
利乐之源官网,llzyorg,www.rengzan.com//weixin-show-id-31133.html,,0,0,,互联网	
东北二人转官网,vip-2rz,www.rengzan.com//weixin-show-id-31134.html,,0,0,,互联网	
尼格买提官网,negmatcom,www.rengzan.com//weixin-show-id-31135.html,,0,0,,互联网	
成长天使官网,czts2015,www.rengzan.com//weixin-show-id-31136.html,,0,0,,互联网	
橱柜网官网,chinachugui,www.rengzan.com//weixin-show-id-31137.html,,0,0,,互联网	
祛痘官网,anya38,www.rengzan.com//weixin-show-id-31138.html,,0,0,,互联网	
微新疆官网,wxjgw88,www.rengzan.com//weixin-show-id-31139.html,,0,0,,互联网	
百消丹官网,zzbxd7389,www.rengzan.com//weixin-show-id-31140.html,,0,0,,互联网	
胥渡吧官網,vip2016088,www.rengzan.com//weixin-show-id-31141.html,,0,0,,互联网	
画都官网,zghdgw,www.rengzan.com//weixin-show-id-31142.html,,0,0,,互联网	
招商宝官网,zhaoshangbao,www.rengzan.com//weixin-show-id-31143.html,,0,0,,互联网	
志愿者官网,togreen,www.rengzan.com//weixin-show-id-31144.html,,0,0,,互联网	
天天养生官网,ttysgw,www.rengzan.com//weixin-show-id-31145.html,,0,0,,互联网	
印象悉尼官网,yinxiangsydney,www.rengzan.com//weixin-show-id-31146.html,,0,0,,互联网	
乐亭旅游接待官网,qulaotingba,www.rengzan.com//weixin-show-id-31147.html,,0,0,,互联网	
青岛旅游官网,qdhdta,www.rengzan.com//weixin-show-id-31148.html,,0,0,,互联网	
漢華官网,hanhuaBJ,www.rengzan.com//weixin-show-id-31149.html,,0,0,,互联网	
芬尼奇官网,fenikey,www.rengzan.com//weixin-show-id-31150.html,,0,0,,互联网	
中国台球协会官网,cbsa_cn,www.rengzan.com//weixin-show-id-31151.html,,0,0,,互联网	
星恋官网,hnzmwlkj,www.rengzan.com//weixin-show-id-31152.html,,0,0,,互联网	
上海新科医院胃肠科,shxk9999,www.rengzan.com//weixin-show-id-26774.html,健康·美食,0,0,,医疗
上海国济医院,shguoji120,www.rengzan.com//weixin-show-id-26776.html,健康·美食,0,0,,医疗
上海海员医院妇科,hyyyfk,www.rengzan.com//weixin-show-id-26777.html,健康·美食,0,0,,医疗
上海肛泰医院,shgtyy,www.rengzan.com//weixin-show-id-26779.html,健康·美食,0,0,,医疗
上海仁济医院南院儿科,renjiek66866,www.rengzan.com//weixin-show-id-26778.html,健康·美食,0,0,,医疗
上海华裕医院,shhyyy120,www.rengzan.com//weixin-show-id-26772.html,健康·美食,0,0,,医疗
上海奉民医院,shfm120,www.rengzan.com//weixin-show-id-26780.html,健康·美食,0,0,,医疗
上海复大医院,shanghaifudayiyuan,www.rengzan.com//weixin-show-id-26781.html,健康·美食,0,0,,医疗
上海岳阳医院皮肤科,chunjitang,www.rengzan.com//weixin-show-id-26782.html,健康·美食,0,0,,医疗
上海新科医院肝病科,shanghaikanganbing,www.rengzan.com//weixin-show-id-26786.html,健康·美食,0,0,,医疗
上海莱亭医院,laitingyy,www.rengzan.com//weixin-show-id-26785.html,健康·美食,0,0,,医疗
上海仁济医院胆胰外科,renjidanyiwaike,www.rengzan.com//weixin-show-id-26784.html,健康·美食,0,0,,医疗
上海复大医院甲状腺科,fdjiakang,www.rengzan.com//weixin-show-id-26783.html,健康·美食,0,0,,医疗
上海东方医院脊柱外科,eastspine1999,www.rengzan.com//weixin-show-id-26787.html,健康·美食,0,0,,医疗
上海真美医院妇科,zhenmeifuke,www.rengzan.com//weixin-show-id-26788.html,健康·美食,0,0,,医疗
上海江东医院皮肤科,shjdyypfk,www.rengzan.com//weixin-show-id-26789.html,健康·美食,0,0,,医疗
上海虹桥医院,shhqyy,www.rengzan.com//weixin-show-id-26790.html,健康·美食,0,0,,医疗
上海健桥医院,jqyiyuan,www.rengzan.com//weixin-show-id-26791.html,健康·美食,0,0,,医疗
上海昌豪医院,changhaosh888,www.rengzan.com//weixin-show-id-26792.html,健康·美食,0,0,,医疗
上海同德医院,shtdyy,www.rengzan.com//weixin-show-id-26793.html,健康·美食,0,0,,医疗
上海杨思医院,gh_5de6c2178d28,www.rengzan.com//weixin-show-id-26794.html,健康·美食,0,0,,医疗
上海宏康医院,sh_hongkang120,www.rengzan.com//weixin-show-id-26795.html,健康·美食,0,0,,医疗
上海九洲医院,askdaifu_com,www.rengzan.com//weixin-show-id-26796.html,健康·美食,0,0,,医疗
滨城丽人医院,fuke0543,www.rengzan.com//weixin-show-id-31280.html,健康·美食,0,0,,医疗
山东白癜风医院,sdbdfzkyy,www.rengzan.com//weixin-show-id-31281.html,健康·美食,0,0,,医疗
长春康达妇科医院,kangdafk,www.rengzan.com//weixin-show-id-31282.html,健康·美食,0,0,,医疗
交大一附院彬县医院,jdyfybxyy,www.rengzan.com//weixin-show-id-31283.html,健康·美食,0,0,,医疗
湖南华山白癜风医院,hnbdf120,www.rengzan.com//weixin-show-id-31284.html,健康·美食,0,0,,医疗
邢台妇科医院官方,xtsfkyy,www.rengzan.com//weixin-show-id-31285.html,健康·美食,0,0,,医疗
常德市正健医院,cdszjyy,www.rengzan.com//weixin-show-id-31286.html,健康·美食,0,0,,医疗
吉林普济医院,gh_901b9876927f,www.rengzan.com//weixin-show-id-31287.html,健康·美食,0,0,,医疗
萧山东方妇科医院,xsdffk,www.rengzan.com//weixin-show-id-31288.html,健康·美食,0,0,,医疗
东莞市玛丽亚医院,mly23662065,www.rengzan.com//weixin-show-id-31289.html,健康·美食,0,0,,医疗
娄底泓和康复医院,ldhonghekangfuyiyuan,www.rengzan.com//weixin-show-id-31290.html,健康·美食,0,0,,医疗
西安祈康医院,qkyy120,www.rengzan.com//weixin-show-id-31291.html,健康·美食,0,0,,医疗
株洲荷塘红十字博康医院,zzhszbkyy,www.rengzan.com//weixin-show-id-31292.html,健康·美食,0,0,,医疗
溪洛渡医院,xiluoduyiyuan,www.rengzan.com//weixin-show-id-31293.html,健康·美食,0,0,,医疗
巢湖欧亚医院,chaohuoy,www.rengzan.com//weixin-show-id-31294.html,健康·美食,0,0,,医疗
四O四医院,WH-404,www.rengzan.com//weixin-show-id-31295.html,健康·美食,0,0,,医疗
晋宁圣玛莉医院,smlyy67800038,www.rengzan.com//weixin-show-id-31296.html,健康·美食,0,0,,医疗
淇县华康肾病医院,hksbyy,www.rengzan.com//weixin-show-id-31297.html,健康·美食,0,0,,医疗
江油康桥医院,mykqyy,www.rengzan.com//weixin-show-id-31298.html,健康·美食,0,0,,医疗
中山同济妇科医院,zstjfk,www.rengzan.com//weixin-show-id-31299.html,健康·美食,0,0,,医疗
都市医院,dsyy000,www.rengzan.com//weixin-show-id-31300.html,健康·美食,0,0,,医疗
恩施圣亚男健医院,essynjyy120,www.rengzan.com//weixin-show-id-31301.html,健康·美食,0,0,,医疗
迁安钢城医院,qayhyy,www.rengzan.com//weixin-show-id-31302.html,健康·美食,0,0,,医疗
南昌康健生殖医院,nckjszyy,www.rengzan.com//weixin-show-id-31303.html,健康·美食,0,0,,医疗
佛山正骨医院,fszgyy,www.rengzan.com//weixin-show-id-31304.html,健康·美食,0,0,,医疗
哈尔滨济华医院,jhganbing,www.rengzan.com//weixin-show-id-31305.html,健康·美食,0,0,,医疗
长春航天妇科医院,hangtianfukeyiyuan,www.rengzan.com//weixin-show-id-31306.html,健康·美食,0,0,,医疗
宜宾正汉医院,ybzhyy120,www.rengzan.com//weixin-show-id-31307.html,健康·美食,0,0,,医疗
郴州市骨科医院,czsgkyy,www.rengzan.com//weixin-show-id-31308.html,健康·美食,0,0,,医疗
昆明国防医院精神科,kmgfjsk,www.rengzan.com//weixin-show-id-31309.html,健康·美食,0,0,,医疗
合肥华夏白癜风医院,hfhxbdf,www.rengzan.com//weixin-show-id-31310.html,健康·美食,0,0,,医疗
沁阳市仁爱医院,qysrayy,www.rengzan.com//weixin-show-id-31311.html,健康·美食,0,0,,医疗
春林医院,x-clyy,www.rengzan.com//weixin-show-id-31312.html,健康·美食,0,0,,医疗
佰信医院,gh_f865ea16defa,www.rengzan.com//weixin-show-id-31313.html,健康·美食,0,0,,医疗
绵阳新美康医院,myxmkyy,www.rengzan.com//weixin-show-id-31314.html,健康·美食,0,0,,医疗
沙洋仁爱医院,syrenaiyiyuan,www.rengzan.com//weixin-show-id-31315.html,健康·美食,0,0,,医疗
济南嘉乐生殖医院,jialeyiyuan,www.rengzan.com//weixin-show-id-31316.html,健康·美食,0,0,,医疗
宿迁市骨科医院,sqsgkyy82966666,www.rengzan.com//weixin-show-id-31317.html,健康·美食,0,0,,医疗
绿洲医院,yllzyy_8033066,www.rengzan.com//weixin-show-id-31318.html,健康·美食,0,0,,医疗
济南长清妇科医院,cqfk0531,www.rengzan.com//weixin-show-id-31319.html,健康·美食,0,0,,医疗
唐山肝病医院,tsgbzj,www.rengzan.com//weixin-show-id-31320.html,健康·美食,0,0,,医疗
青岛德医堂医院,qddytyy,www.rengzan.com//weixin-show-id-31321.html,健康·美食,0,0,,医疗
唐山东方胃肠病医院,tsdfwcbyy,www.rengzan.com//weixin-show-id-31322.html,健康·美食,0,0,,医疗
宾阳博爱医院,bayy8238999,www.rengzan.com//weixin-show-id-31323.html,健康·美食,0,0,,医疗
德阳市玛丽妇科医院,dymlfkyy,www.rengzan.com//weixin-show-id-31324.html,健康·美食,0,0,,医疗
