傅踢踢,futeetee,http://www.vccoo.com/a/um82v,媒体·达人,620,1366,2016-08-24,媒体·达人
陆琪,luqiyouhuashuo,http://www.vccoo.com/a/snz8m,媒体·达人,2286,7139,2016-08-24,媒体·达人
张鸣,zhangming19830505,http://www.vccoo.com/a/f3zwu,媒体·达人,649,902,2016-08-25,媒体·达人
丁道师,dingdaoshi123,http://www.vccoo.com/a/85bmd,媒体·达人,615,390,2016-08-24,媒体·达人
健安喜GNC,GNCChinaService,http://www.vccoo.com/a/zasw2,健康·美食,84,136,2016-08-25,健康·美食
郑州吃货,zzchihuo,http://www.vccoo.com/a/j793n,健康·美食,2370,3351,2016-08-24,健康·美食
深圳美食坊,sz-mszj,http://www.vccoo.com/a/t2nmd,健康·美食,187,188,2016-08-25,健康·美食
丁香医生,DingXiangYiSheng,http://www.vccoo.com/a/n463e,健康·美食,1781,3405,2016-08-24,健康·美食
格调,HiGeDiao,http://www.vccoo.com/a/zt5an,时尚·格调,412,1352,2016-08-24,时尚·格调
脱壳发型创意团队,TUO-KE,http://www.vccoo.com/a/xv2pj,时尚·格调,1202,920,2016-08-24,时尚·格调
IAMINRED口红控,IAMIN-RED,http://www.vccoo.com/a/5a73s,时尚·格调,1028,9982,2016-08-24,时尚·格调
大饼穿搭札记,modishvane,http://www.vccoo.com/a/uqjs3,时尚·格调,1187,1080,2016-08-24,时尚·格调
父母堂,askjane,http://www.vccoo.com/a/e8cuh,亲子·家庭,2731,2814,2016-08-24,亲子·家庭
妈妈手册,jqfans,http://www.vccoo.com/a/f7zpw,亲子·家庭,2524,2471,2016-08-25,亲子·家庭
超级课程表,ibiaobiao,http://www.vccoo.com/a/g7enu,亲子·家庭,295,1635,2016-08-24,亲子·家庭
新东方家庭教育,xdfjtjy,http://www.vccoo.com/a/5p8ar,亲子·家庭,1464,914,2016-08-24,亲子·家庭
少年商学院,youthmba,http://www.vccoo.com/a/n7aj2,教育·励志,1310,854,2016-08-24,教育·励志
柴森物理,chaisenlaoshi,http://www.vccoo.com/a/5zct3,教育·励志,208,136,2016-08-24,教育·励志
张博士快乐家,iloveeqcom,http://www.vccoo.com/a/7vtkm,教育·励志,715,527,2016-08-25,教育·励志
小米公司,xiaomigongsi0406,http://www.vccoo.com/a/u529p,数码·科技,303,1058,2016-08-24,数码·科技
互联网圈内人,QuanNeiDeRen,http://www.vccoo.com/a/e62vn,数码·科技,895,1389,2016-08-24,数码·科技
迅雷会员,xiazaibao,http://www.vccoo.com/a/r7q45,数码·科技,61,128,2016-08-25,数码·科技
科学松鼠会,SquirrelClub,http://www.vccoo.com/a/83uqt,数码·科技,711,405,2016-08-24,数码·科技
中国会计视野,esnaicom,http://www.vccoo.com/a/95r48,职场·商业,4649,3340,2016-08-24,职场·商业
创业邦,chuangyezone,http://www.vccoo.com/a/qjbt7,职场·商业,3780,2369,2016-08-24,职场·商业
人力资源研究,HRresearch88,http://www.vccoo.com/a/52apw,职场·商业,2428,1168,2016-08-24,职场·商业
财富中文网,FortuneChina-WeiXin,http://www.vccoo.com/a/7s9wn,职场·商业,2096,1865,2016-08-24,职场·商业
时寒冰,shihanbing2016,http://www.vccoo.com/a/d5gv8,财经·理财,79,276,2016-08-24,财经·理财
泽平宏观,zepinghongguan,http://www.vccoo.com/a/w97yv,财经·理财,817,698,2016-08-25,财经·理财
二货村,eee969,http://www.vccoo.com/a/rhmy2,搞笑·段子,5953,2179,2016-08-24,搞笑·段子
小贱鸡,simbot,http://www.vccoo.com/a/6gb2j,搞笑·段子,3652,3441,2016-08-25,搞笑·段子
糗事百科,qiubai2005,http://www.vccoo.com/a/hw7xf,搞笑·段子,3090,1814,2016-08-24,搞笑·段子
影魔,yingmo365,http://www.vccoo.com/a/cpu5w,电影·音乐,1368,2650,2016-08-25,电影·音乐
电影工厂,vipidy,http://www.vccoo.com/a/6v89t,电影·音乐,3688,5188,2016-08-25,电影·音乐
QQ音乐,qqmusic,http://www.vccoo.com/a/v8c7j,电影·音乐,3980,3145,2016-08-25,电影·音乐
娱乐小观众,Amuse100,http://www.vccoo.com/a/xh9r8,娱乐·八卦,13,94,2016-08-25,娱乐·八卦
娱乐新天地,yulexintiandi,http://www.vccoo.com/a/buj2z,娱乐·八卦,34,359,2016-08-24,娱乐·八卦
星娱乐,TrendEntLife,http://www.vccoo.com/a/ympg8,娱乐·八卦,18,204,2016-08-24,娱乐·八卦
娱乐扒卦,zyzdl8,http://www.vccoo.com/a/7x2su,娱乐·八卦,15,130,2016-08-24,娱乐·八卦
八爪娱记,bazhuayuji,http://www.vccoo.com/a/jye56,娱乐·八卦,309,1715,2016-08-25,娱乐·八卦
车图腾,chetuteng-com,http://www.vccoo.com/a/478sy,房产·汽车,2872,3279,2016-08-24,房产·汽车
层楼,ultraplus_cross,http://www.vccoo.com/a/6r9sx,房产·汽车,404,1080,2016-08-24,房产·汽车
汽车行业发展与研究,chemishengjing1,http://www.vccoo.com/a/nhf49,房产·汽车,739,1173,2016-08-24,房产·汽车
丁祖昱评楼市,dzypls,http://www.vccoo.com/a/gbtd2,房产·汽车,1572,662,2016-08-24,房产·汽车
一介,master-house,http://www.vccoo.com/a/hxkp4,生活·情感,97,179,2016-08-24,生活·情感
怪诞心理行为学,gdxlx001,http://www.vccoo.com/a/e79fy,休闲·旅行,2287,1369,2016-08-25,休闲·旅行
这才是日本,riben-2,http://www.vccoo.com/a/pw6gd,休闲·旅行,546,916,2016-08-24,休闲·旅行
卡妞微秀,weikagirl,http://www.vccoo.com/a/4dzjm,休闲·旅行,5783,3458,2016-08-24,休闲·旅行
环球旅行,Viphuanqiu,http://www.vccoo.com/a/6br4q,休闲·旅行,778,1534,2016-08-24,休闲·旅行
好奇实验室,haoqishiyanshi,http://www.vccoo.com/a/3s5qk,兴趣·爱好,1292,2186,2016-08-24,兴趣·爱好
每日一禅,yichan360,http://www.vccoo.com/a/e72st,兴趣·爱好,4446,3103,2016-08-25,兴趣·爱好
好狗狗,HaoGougou88,http://www.vccoo.com/a/xr9c6,兴趣·爱好,3687,4711,2016-08-24,兴趣·爱好
环球设计,DesiDaily,http://www.vccoo.com/a/x9nbh,时事·城市,1996,1145,2016-08-24,时事·城市
锦州微生活,Jz_vsh,http://www.vccoo.com/a/7t4nj,时事·城市,470,4433,2016-08-25,时事·城市
景洪开心土货,tubanna,http://www.vccoo.com/a/dy2ru,时事·城市,1372,1495,2016-08-25,时事·城市
好报,haobaonet,http://www.vccoo.com/a/v9nts,时事·城市,641,320,2016-08-24,时事·城市
狂言NBA,tx_nba,http://www.vccoo.com/a/7e562,运动·赛事,1859,2088,2016-08-25,运动·赛事
瘦瘦,shoushou20121230,http://www.vccoo.com/a/qgbr6,运动·赛事,2284,2468,2016-08-25,运动·赛事
跑步心情,runfreerunhappy,http://www.vccoo.com/a/ra5hc,运动·赛事,3301,4438,2016-08-24,运动·赛事
健身,fitnesshot,http://www.vccoo.com/a/5tb4n,运动·赛事,2498,4799,2016-08-24,运动·赛事
大象公会,idxgh2013,http://www.vccoo.com/a/ukc23,阅读·文学,658,623,2016-08-25,阅读·文学
洞见,DJ00123987,http://www.vccoo.com/a/q9z2f,阅读·文学,910,3937,2016-08-24,阅读·文学
读书,dushuweibo,http://www.vccoo.com/a/j8e46,阅读·文学,1327,1841,2016-08-25,阅读·文学
